Epoch,Pitch,Roll,Yaw,Pulse1583625858.8731163,
1583625858.8882217,Soft WDT eset
1583625858.8892236,
1583625858.9017186,>>>stack>>>
1583625858.9027607,
1583625858.9131904,ctx: cont
1583625858.95487,sp: 3ffffdf0 end: 3fffffc0 offset: 010
1583625859.0058594,3fffffa0:  feefeffe feefeffe 3ffee5f0 40205580  
1583625859.056903,3fffff0:  feefeffe feefeffe 3ffe84ec 40100f51  
1583625859.069348,<<<stack<<<
1583625862.342386,xa8u%xffxd0x9azx1cxfaxfe
1583625862.3578982,Soft WDT eset
1583625862.3589122,
1583625862.3714375,>>>stack>>>
1583625862.3724668,
1583625862.3828626,ctx: cont
1583625862.4245832,sp: 3ffffdf0 end: 3fffffc0 offset: 010
1583625862.4756408,3fffffa0:  feefeffe feefeffe 3ffee5f0 40205580  
1583625862.5266464,3fffff0:  feefeffe feefeffe 3ffe84ec 40100f51  
1583625862.5390933,<<<stack<<<
